<?xml version="1.0" encoding="UTF-8" standalone="yes"?>
<addon id="repository.Madhousel" name="Madhouse new" version="1.1.4" provider-name="MadHouse">
	<extension point="xbmc.addon.repository" name="Madhouse REPO">
		<dir>
			<info compressed="false">https://raw.githubusercontent.com/bcrusher29/unfocused/master/zips/addons.xml</info>
			<checksum>https://raw.githubusercontent.com/bcrusher29/unfocused/master/zips/addons.xml.md5</checksum>
			<datadir zip="true">https://raw.githubusercontent.com/bcrusher29/unfocused/master/zips/</datadir>
		</dir>
		<dir>
			<info compressed="false">http://paulbunyan.xyz/repo/addons.xml</info>
			<checksum>http://paulbunyan.xyz/repo/addons.xml.md5</checksum>
			<datadir zip="true">http://paulbunyan.xyz/repo/files/</datadir>
		</dir>
			<dir>
		        <info compressed="false">https://raw.githubusercontent.com/eggman19/eggscrapers/master/_eggscrapers/addons.xml</info>
		        <checksum>https://raw.githubusercontent.com/eggman19/eggscrapers/master/_eggscrapers/addons.xml.md5</checksum>
		        <datadir zip="true">https://raw.githubusercontent.com/eggman19/eggscrapers/master/_eggscrapers</datadir>
            </dir>
		<dir>
			<info compressed="false">https://raw.githubusercontent.com/tvaddonsco/tva-resolvers-repo/master/addons.xml</info>
			<checksum>https://raw.githubusercontent.com/tvaddonsco/tva-resolvers-repo/master/addons.xml.md5</checksum>
			<datadir zip="true">https://raw.githubusercontent.com/tvaddonsco/tva-resolvers-repo/master/zips/</datadir>
		</dir>
		<dir>
            <info compressed="false">https://raw.githubusercontent.com/teamuniversal/scrapers/master/_modules4all/zips/addons.xml</info>
            <checksum>https://raw.githubusercontent.com/teamuniversal/scrapers/master/_modules4all/zips/addons.xml.md5</checksum>
            <datadir zip="true">https://raw.githubusercontent.com/teamuniversal/scrapers/master/_modules4all/zips/</datadir>
        </dir>
		<dir>
                <info compressed="false">https://raw.githubusercontent.com/Guilouz/repository.guilouz/master/_repo/addons.xml</info>
                <checksum>https://raw.githubusercontent.com/Guilouz/repository.guilouz/master/_repo/addons.xml.md5</checksum>
                <datadir zip="true">https://github.com/Guilouz/repository.guilouz/raw/master/_repo</datadir>
        </dir>
	</extension>
	<extension point="xbmc.addon.metadata">
		<summary lang="en"></summary>
		<description lang="en">Madhouse Repo</description>
		<genre></genre>
    <assets>
        <icon>icon.gif</icon>
        <fanart>fanart.jpg</fanart>
        <banner></banner>
        <clearlogo></clearlogo>
        <screenshot></screenshot>
    </assets>
	</extension>
</addon>